精算書No,22061504111241-12
店舗別内訳書No,22061554419739-32
"■楽天ﾍﾟｲ_ｸｰﾎﾟﾝ利用注文分支払額（7月10日締め分）"
連番,受注番号,注文確認日,クーポン名,クーポン利用額,クーポン利用確定日
1,286314-20220505-0031862125,2022/05/05,"すぐ使える！100円引きクーポン",100,2022/06/30
2,286314-20220505-0040661696,2022/05/05,"すぐ使える！100円引きクーポン",100,2022/06/30
3,286314-20220515-0234266944,2022/05/15,"【楽天市場アプリ限定ビンゴ！2022年5月】30円OFFクーポン",30,2022/06/28
4,286314-20220515-0500267007,2022/05/15,"■楽天PINKカード限定■楽天市場で使える500円OFFクーポン_楽天グループ優待サービス特典",500,2022/06/30
5,286314-20220515-0538866676,2022/05/15,"【楽天市場アプリ限定ビンゴ！2022年5月】30円OFFクーポン",30,2022/06/30
6,286314-20220515-0828966346,2022/05/15,"【楽天市場アプリ限定ビンゴ！2022年5月】10円OFFクーポン",10,2022/06/30
7,286314-20220520-0503970591,2022/05/20,"すぐ使える！100円引きクーポン",100,2022/06/30
8,286314-20220524-0894771281,2022/05/24,"【楽天市場アプリ限定ビンゴ！2022年5月】10円OFFクーポン",10,2022/06/30
9,286314-20220527-0301872938,2022/05/27,"【楽天市場アプリ限定ビンゴ！2022年5月】10円OFFクーポン",10,2022/06/30
10,286314-20220528-0988373017,2022/05/28,"すぐ使える！100円引きクーポン",100,2022/06/30
11,286314-20220604-0909277063,2022/06/04,"楽天スーパーSALEクーポンたまご 1,000円OFFクーポン",1000,2022/07/05
12,286314-20220605-0024278969,2022/06/05,"楽天スーパーSALEクーポンたまご 初回限定50円OFFクーポン",50,2022/07/05
13,286314-20220621-0926504538,2022/06/21,"すぐ使える！100円引きクーポン",-100,2022/07/08
14,286314-20220622-0026804667,2022/06/22,"すぐ使える！1,500円引きクーポン",1500,2022/07/06
15,286314-20220624-0636305320,2022/06/24,"すぐ使える！1,500円引きクーポン",1500,2022/06/28
16,286314-20220624-0923005352,2022/06/24,"すぐ使える！1,500円引きクーポン",1500,2022/06/28
17,286314-20220625-0007605861,2022/06/25,"すぐ使える！1,000円引きクーポン",1000,2022/06/29
18,286314-20220625-0318305580,2022/06/25,"【楽天市場アプリ限定ビンゴ！2022年5月】30円OFFクーポン",30,2022/06/28
19,286314-20220625-0374406004,2022/06/25,"【楽天市場アプリ限定ビンゴ！2022年5月】50円OFFクーポン",50,2022/06/29
20,286314-20220625-0456905708,2022/06/25,"【楽天市場アプリ限定ビンゴ！2022年5月】30円OFFクーポン",30,2022/06/28
21,286314-20220626-0280306651,2022/06/26,"すぐ使える！1,500円引きクーポン",1500,2022/06/28
22,286314-20220626-0301706704,2022/06/26,"【楽天市場アプリ限定ビンゴ！2022年5月】50円OFFクーポン",50,2022/06/30
23,286314-20220626-0738706369,2022/06/26,"【楽天市場アプリ限定ビンゴ！2022年5月】30円OFFクーポン",30,2022/06/28
24,286314-20220626-0909306250,2022/06/26,"すぐ使える！1,500円引きクーポン",1500,2022/06/28
25,286314-20220627-0244107292,2022/06/27,"すぐ使える！1,000円引きクーポン",1000,2022/06/29
26,286314-20220627-0616907251,2022/06/27,"すぐ使える！100円引きクーポン",100,2022/06/29
27,286314-20220627-0645207051,2022/06/27,"すぐ使える！100円引きクーポン",100,2022/06/28
28,286314-20220627-0782706807,2022/06/27,"【楽天市場アプリ限定ビンゴ！2022年5月】30円OFFクーポン",30,2022/06/28
29,286314-20220628-0016107731,2022/06/28,"すぐ使える！100円引きクーポン",100,2022/06/30
30,286314-20220628-0159907853,2022/06/28,"すぐ使える！1,500円引きクーポン",1500,2022/07/02
31,286314-20220628-0279107311,2022/06/28,"すぐ使える！100円引きクーポン",100,2022/06/30
32,286314-20220628-0585107670,2022/06/28,"すぐ使える！100円引きクーポン",100,2022/06/29
33,286314-20220628-0668307672,2022/06/28,"すぐ使える！1,500円引きクーポン",1500,2022/06/29
34,286314-20220629-0123008001,2022/06/29,"【楽天市場アプリ限定ビンゴ！2022年5月】30円OFFクーポン",30,2022/07/01
35,286314-20220629-0323008038,2022/06/29,"【楽天市場アプリ限定ビンゴ！2022年5月】50円OFFクーポン",50,2022/07/01
36,286314-20220629-0529007939,2022/06/29,"すぐ使える！1,000円引きクーポン",1000,2022/07/02
37,286314-20220629-0816407915,2022/06/29,"久しぶりのお買い物に使える1,000円OFFクーポン",1000,2022/07/02
38,286314-20220629-0821307936,2022/06/29,"すぐ使える！1,000円引きクーポン",1000,2022/07/01
39,286314-20220630-0017108350,2022/06/30,"すぐ使える！100円引きクーポン",100,2022/07/05
40,286314-20220630-0464808059,2022/06/30,"すぐ使える！100円引きクーポン",100,2022/07/01
41,286314-20220630-0840808055,2022/06/30,"すぐ使える！100円引きクーポン",100,2022/07/02
42,286314-20220630-0936007971,2022/06/30,"すぐ使える！100円引きクーポン",100,2022/07/09
43,286314-20220701-0076108356,2022/07/01,"■楽天PINKカード限定■楽天市場で使える500円OFFクーポン_楽天グループ優待サービス特典",500,2022/07/02
44,286314-20220701-0099208470,2022/07/01,"■楽天PINKカード限定■楽天市場で使える500円OFFクーポン_楽天グループ優待サービス特典",500,2022/07/02
45,286314-20220701-0342108582,2022/07/01,"すぐ使える！100円引きクーポン",100,2022/07/05
46,286314-20220702-0479308856,2022/07/02,"【楽天市場アプリ限定ビンゴ！2022年7月】20円OFFクーポン",20,2022/07/05
47,286314-20220703-0247709169,2022/07/03,"すぐ使える！100円引きクーポン",100,2022/07/05
48,286314-20220703-0385309031,2022/07/03,"すぐ使える！500円引きクーポン",500,2022/07/05
49,286314-20220703-0841608952,2022/07/03,"すぐ使える！100円引きクーポン",100,2022/07/05
50,286314-20220704-0018009556,2022/07/04,"すぐ使える！500円引きクーポン",500,2022/07/06
51,286314-20220704-0123509408,2022/07/04,"【楽天市場アプリ限定ビンゴ！2022年7月】20円OFFクーポン",20,2022/07/06
52,286314-20220704-0190209539,2022/07/04,"すぐ使える！100円引きクーポン",100,2022/07/06
53,286314-20220704-0236109324,2022/07/04,"すぐ使える！700円引きクーポン",700,2022/07/07
54,286314-20220704-0320909450,2022/07/04,"すぐ使える！100円引きクーポン",100,2022/07/09
55,286314-20220704-0357109503,2022/07/04,"【楽天市場アプリ限定ビンゴ！2022年7月】20円OFFクーポン",20,2022/07/06
56,286314-20220704-0390009422,2022/07/04,"【楽天市場アプリ限定ビンゴ！2022年7月】20円OFFクーポン",20,2022/07/06
57,286314-20220704-0438409479,2022/07/04,"すぐ使える！500円引きクーポン",500,2022/07/08
58,286314-20220704-0556809362,2022/07/04,"【楽天市場アプリ限定ビンゴ！2022年7月】20円OFFクーポン",20,2022/07/06
59,286314-20220704-0805509394,2022/07/04,"【楽天市場アプリ限定ビンゴ！2022年7月】20円OFFクーポン",20,2022/07/06
60,286314-20220704-0832709384,2022/07/04,"【楽天市場アプリ限定ビンゴ！2022年7月】20円OFFクーポン",20,2022/07/07
61,286314-20220704-0922909391,2022/07/04,"すぐ使える！100円引きクーポン",100,2022/07/06
62,286314-20220705-0008710352,2022/07/05,"【楽天市場アプリ限定ビンゴ！2022年7月】20円OFFクーポン",20,2022/07/09
63,286314-20220705-0009510459,2022/07/05,"久しぶりのお買い物に使える1,000円OFFクーポン",1000,2022/07/09
64,286314-20220705-0128710628,2022/07/05,"【楽天市場アプリ限定ビンゴ！2022年7月】20円OFFクーポン",20,2022/07/09
65,286314-20220705-0129410309,2022/07/05,"【楽天市場アプリ限定ビンゴ！2022年7月】20円OFFクーポン",20,2022/07/06
66,286314-20220705-0135910509,2022/07/05,"【楽天市場アプリ限定ビンゴ！2022年7月】20円OFFクーポン",20,2022/07/07
67,286314-20220705-0284110448,2022/07/05,"【楽天市場アプリ限定ビンゴ！2022年7月】20円OFFクーポン",20,2022/07/07
68,286314-20220705-0352310545,2022/07/05,"【楽天市場アプリ限定ビンゴ！2022年7月】20円OFFクーポン",20,2022/07/07
69,286314-20220705-0397510000,2022/07/05,"【楽天市場アプリ限定ビンゴ！2022年7月】20円OFFクーポン",20,2022/07/06
70,286314-20220705-0427110275,2022/07/05,"【楽天市場アプリ限定ビンゴ！2022年7月】20円OFFクーポン",20,2022/07/06
71,286314-20220705-0466809589,2022/07/05,"【楽天市場アプリ限定ビンゴ！2022年7月】20円OFFクーポン",20,2022/07/06
72,286314-20220705-0470009550,2022/07/05,"【楽天市場アプリ限定ビンゴ！2022年7月】20円OFFクーポン",20,2022/07/06
73,286314-20220705-0491010000,2022/07/05,"【楽天市場アプリ限定ビンゴ！2022年7月】20円OFFクーポン",20,2022/07/06
74,286314-20220705-0501109547,2022/07/05,"【楽天市場アプリ限定ビンゴ！2022年7月】20円OFFクーポン",20,2022/07/06
75,286314-20220705-0562010522,2022/07/05,"【楽天市場アプリ限定ビンゴ！2022年7月】20円OFFクーポン",20,2022/07/07
76,286314-20220705-0620710534,2022/07/05,"【楽天市場アプリ限定ビンゴ！2022年7月】20円OFFクーポン",20,2022/07/09
77,286314-20220705-0757409488,2022/07/05,"【楽天市場アプリ限定ビンゴ！2022年7月】20円OFFクーポン",20,2022/07/06
78,286314-20220705-0781910316,2022/07/05,"【楽天市場アプリ限定ビンゴ！2022年7月】20円OFFクーポン",20,2022/07/07
79,286314-20220705-0815710448,2022/07/05,"【楽天市場アプリ限定ビンゴ！2022年7月】20円OFFクーポン",20,2022/07/07
80,286314-20220705-0832710545,2022/07/05,"【楽天市場アプリ限定ビンゴ！2022年7月】20円OFFクーポン",20,2022/07/07
81,286314-20220705-0859609845,2022/07/05,"【楽天市場アプリ限定ビンゴ！2022年7月】20円OFFクーポン",20,2022/07/06
82,286314-20220705-0868609606,2022/07/05,"【楽天市場アプリ限定ビンゴ！2022年7月】20円OFFクーポン",20,2022/07/06
83,286314-20220705-0960910559,2022/07/05,"【楽天市場アプリ限定ビンゴ！2022年7月】20円OFFクーポン",20,2022/07/07
84,286314-20220705-0984309480,2022/07/05,"【楽天市場アプリ限定ビンゴ！2022年7月】20円OFFクーポン",20,2022/07/06
85,286314-20220706-0532810827,2022/07/06,"【楽天市場アプリ限定ビンゴ！2022年7月】20円OFFクーポン",20,2022/07/08
86,286314-20220706-0570610767,2022/07/06,"【楽天市場アプリ限定ビンゴ！2022年7月】20円OFFクーポン",20,2022/07/08
87,286314-20220706-0678010758,2022/07/06,"【楽天市場アプリ限定ビンゴ！2022年7月】20円OFFクーポン",20,2022/07/08
88,286314-20220706-0809310654,2022/07/06,"【楽天市場アプリ限定ビンゴ！2022年7月】20円OFFクーポン",20,2022/07/07
89,286314-20220706-0844310601,2022/07/06,"【楽天市場アプリ限定ビンゴ！2022年7月】20円OFFクーポン",20,2022/07/08
90,286314-20220706-0846710835,2022/07/06,"【楽天市場アプリ限定ビンゴ！2022年7月】20円OFFクーポン",20,2022/07/09
91,286314-20220707-0062211005,2022/07/07,"【楽天市場アプリ限定ビンゴ！2022年7月】20円OFFクーポン",20,2022/07/09
92,286314-20220707-0183211012,2022/07/07,"【楽天市場アプリ限定ビンゴ！2022年7月】20円OFFクーポン",20,2022/07/09
93,286314-20220707-0369410868,2022/07/07,"【楽天市場アプリ限定ビンゴ！2022年7月】20円OFFクーポン",20,2022/07/08
94,286314-20220707-0470211006,2022/07/07,"【楽天市場アプリ限定ビンゴ！2022年7月】20円OFFクーポン",20,2022/07/09
95,286314-20220707-0748410843,2022/07/07,"【楽天市場アプリ限定ビンゴ！2022年7月】20円OFFクーポン",20,2022/07/08
96,286314-20220707-0792810858,2022/07/07,"【楽天市場アプリ限定ビンゴ！2022年7月】20円OFFクーポン",20,2022/07/08
97,286314-20220707-0903210894,2022/07/07,"【楽天市場アプリ限定ビンゴ！2022年7月】20円OFFクーポン",20,2022/07/09
98,286314-20220707-0967210998,2022/07/07,"【楽天市場アプリ限定ビンゴ！2022年7月】20円OFFクーポン",20,2022/07/09
99,286314-20220707-0990410875,2022/07/07,"すぐ使える！500円引きクーポン",500,2022/07/08
合計,24800
